class	filename	source_url	bytes	sha256	title	book_code	role	chapter	local_path
1	aejm1ps.pdf	https://ncert.nic.in/textbook/pdf/aejm1ps.pdf	7878625	ee12d6002641a43ea5499db1ea86b28cd8f25814102bb229886c4cc126a59895	Joyful Mathematics	aejm1	prelims	0	data/raw_pdf/class1/aejm1ps.pdf
1	aejm101.pdf	https://ncert.nic.in/textbook/pdf/aejm101.pdf	3921503	4ebb9faa841f2bb7405f46a710c61f9e924b05a5b243f9d7445f9b94ce37e8cb	Joyful Mathematics	aejm1	chapter	1	data/raw_pdf/class1/aejm101.pdf
1	aejm102.pdf	https://ncert.nic.in/textbook/pdf/aejm102.pdf	2909738	bb625c685d5bb8539aca678946a156e3ba381a2b0dd1b34f1fe384b6764940b3	Joyful Mathematics	aejm1	chapter	2	data/raw_pdf/class1/aejm102.pdf
1	aejm103.pdf	https://ncert.nic.in/textbook/pdf/aejm103.pdf	24517554	44596bed43fd7041e859f3eeefbb077b4c91c8534aaf23f5f89fee22d6390c05	Joyful Mathematics	aejm1	chapter	3	data/raw_pdf/class1/aejm103.pdf
1	aejm104.pdf	https://ncert.nic.in/textbook/pdf/aejm104.pdf	12896677	4c01130ca68b201ce470a00d3cc13fa6f994dd5fb1319885af647df2e3f1c75b	Joyful Mathematics	aejm1	chapter	4	data/raw_pdf/class1/aejm104.pdf
1	aejm105.pdf	https://ncert.nic.in/textbook/pdf/aejm105.pdf	17104368	c2a6184dd8880ad056c1662153a75c7875b64c6f3af9e7f8dd104b73ba38836c	Joyful Mathematics	aejm1	chapter	5	data/raw_pdf/class1/aejm105.pdf
1	aejm106.pdf	https://ncert.nic.in/textbook/pdf/aejm106.pdf	11463546	7cf9bafb557b571f903ef1c590c8b028551c75ab98f951abd5a07fd1fdc5dfe8	Joyful Mathematics	aejm1	chapter	6	data/raw_pdf/class1/aejm106.pdf
1	aejm107.pdf	https://ncert.nic.in/textbook/pdf/aejm107.pdf	12525793	e13ff78ec8d65d2fb6f295578b8e6427904521178d340b9eeb63bb111920e55e	Joyful Mathematics	aejm1	chapter	7	data/raw_pdf/class1/aejm107.pdf
1	aejm108.pdf	https://ncert.nic.in/textbook/pdf/aejm108.pdf	3675287	dffca4cf457378c7afc954b85606a5026f1e191c8f45d403ee5167b2dbdd1b38	Joyful Mathematics	aejm1	chapter	8	data/raw_pdf/class1/aejm108.pdf
1	aejm109.pdf	https://ncert.nic.in/textbook/pdf/aejm109.pdf	2820781	625431012838e55e2a07cded659dcfdbdf05e8f8094fe437c791ade36e074500	Joyful Mathematics	aejm1	chapter	9	data/raw_pdf/class1/aejm109.pdf
1	aejm110.pdf	https://ncert.nic.in/textbook/pdf/aejm110.pdf	2782648	5197c8697a91f7f710f21b99202722f1946e5f1f641f8986225f621e2d5e854d	Joyful Mathematics	aejm1	chapter	10	data/raw_pdf/class1/aejm110.pdf
1	aejm111.pdf	https://ncert.nic.in/textbook/pdf/aejm111.pdf	1553174	7422507ee9e35beee051a8133744ab63890ea4fe94983c73549cae297ef88983	Joyful Mathematics	aejm1	chapter	11	data/raw_pdf/class1/aejm111.pdf
1	aejm112.pdf	https://ncert.nic.in/textbook/pdf/aejm112.pdf	1917383	e6347c23f4c9f4658374cea65adb165e6e01b87ed5aa8221c2e56a7c22203b3d	Joyful Mathematics	aejm1	chapter	12	data/raw_pdf/class1/aejm112.pdf
1	aejm113.pdf	https://ncert.nic.in/textbook/pdf/aejm113.pdf	3002330	81879534d419e268ac0314be3a844ba57e5ef7c4f146fe21cbed6493e744ea5f	Joyful Mathematics	aejm1	chapter	13	data/raw_pdf/class1/aejm113.pdf
2	bejm1ps.pdf	https://ncert.nic.in/textbook/pdf/bejm1ps.pdf	3855895	3dfd634b51958dca6c3731ddbde180177ebf5729ed4a3daa56bb93353cd57988	Joyful Mathematics	bejm1	prelims	0	data/raw_pdf/class2/bejm1ps.pdf
2	bejm101.pdf	https://ncert.nic.in/textbook/pdf/bejm101.pdf	18510236	ead718df99c547945c2b91072ccb4acd404f938244bf7aecda0c4e62d15f5b1d	Joyful Mathematics	bejm1	chapter	1	data/raw_pdf/class2/bejm101.pdf
2	bejm102.pdf	https://ncert.nic.in/textbook/pdf/bejm102.pdf	3246886	e10a9e89b025c49d9e09f10646b1afa7a2914cdbe3113a31c3761ee8d59cd12d	Joyful Mathematics	bejm1	chapter	2	data/raw_pdf/class2/bejm102.pdf
2	bejm103.pdf	https://ncert.nic.in/textbook/pdf/bejm103.pdf	1975931	50aae164e6b0afecf06146e89590c9295340def4d2d04a330f9accd138f68e75	Joyful Mathematics	bejm1	chapter	3	data/raw_pdf/class2/bejm103.pdf
2	bejm104.pdf	https://ncert.nic.in/textbook/pdf/bejm104.pdf	2852153	4e4179a780d250af7a5e224884a39352fbf23e7bbf81572cfbf231cae340f521	Joyful Mathematics	bejm1	chapter	4	data/raw_pdf/class2/bejm104.pdf
2	bejm105.pdf	https://ncert.nic.in/textbook/pdf/bejm105.pdf	1601310	0e0c9c3c859a61f3c445282a538c4b3f5d54fcace503412ae4945511e97c9bb5	Joyful Mathematics	bejm1	chapter	5	data/raw_pdf/class2/bejm105.pdf
2	bejm106.pdf	https://ncert.nic.in/textbook/pdf/bejm106.pdf	23239557	c1abaf8014726e27e379ebbe4983ebd18207286083dc17f5071954833474c77e	Joyful Mathematics	bejm1	chapter	6	data/raw_pdf/class2/bejm106.pdf
2	bejm107.pdf	https://ncert.nic.in/textbook/pdf/bejm107.pdf	4004355	14f870100d12aaad24055d26025d4d45af7e38ffeb334cf48b85fe1866adbb5d	Joyful Mathematics	bejm1	chapter	7	data/raw_pdf/class2/bejm107.pdf
2	bejm108.pdf	https://ncert.nic.in/textbook/pdf/bejm108.pdf	4397879	3dd3b7075398ea08638e1703850548d4a6ab50446c6758141b057b95a17f41f9	Joyful Mathematics	bejm1	chapter	8	data/raw_pdf/class2/bejm108.pdf
2	bejm109.pdf	https://ncert.nic.in/textbook/pdf/bejm109.pdf	21215150	02fbceec63a33eafe168ca92ee746e018ccaaa317a7e21647ac29aa32a5195a2	Joyful Mathematics	bejm1	chapter	9	data/raw_pdf/class2/bejm109.pdf
2	bejm110.pdf	https://ncert.nic.in/textbook/pdf/bejm110.pdf	2570404	7070c75f6b25101883da5a4fab480eb9f1806770e2c40a2d748be327482d1763	Joyful Mathematics	bejm1	chapter	10	data/raw_pdf/class2/bejm110.pdf
2	bejm111.pdf	https://ncert.nic.in/textbook/pdf/bejm111.pdf	6832883	1ffd8c2b779633eb21c729ca5de29edc72be1f4aa41e971b1bf5e7295ec0c8f0	Joyful Mathematics	bejm1	chapter	11	data/raw_pdf/class2/bejm111.pdf
3	cemm1ps.pdf	https://ncert.nic.in/textbook/pdf/cemm1ps.pdf	7201002	3ed7e999560e77434fccccf3ad15ec1efc1b0675ee3ffde47f1e9755bcf2c6e7	Maths Mela	cemm1	prelims	0	data/raw_pdf/class3/cemm1ps.pdf
3	cemm101.pdf	https://ncert.nic.in/textbook/pdf/cemm101.pdf	4195750	132dd4936bba5e6c667d185cd8aba40291f2e38c58dae33edd370771c39e2d07	Maths Mela	cemm1	chapter	1	data/raw_pdf/class3/cemm101.pdf
3	cemm102.pdf	https://ncert.nic.in/textbook/pdf/cemm102.pdf	3957838	51c5e4d3fd9f17f2d0d52547e21283b42bdb68d6978c8a5c1c07ecc998c131f4	Maths Mela	cemm1	chapter	2	data/raw_pdf/class3/cemm102.pdf
3	cemm103.pdf	https://ncert.nic.in/textbook/pdf/cemm103.pdf	4228316	8d8a22be9fbe6d12902aedf31b6dc2aa7feb922b8c62d59278be828dbaf9f482	Maths Mela	cemm1	chapter	3	data/raw_pdf/class3/cemm103.pdf
3	cemm104.pdf	https://ncert.nic.in/textbook/pdf/cemm104.pdf	6233450	40c381af94720ce3b9138f522f3ab36bfdb0127069ad53740078fb10643cafab	Maths Mela	cemm1	chapter	4	data/raw_pdf/class3/cemm104.pdf
3	cemm105.pdf	https://ncert.nic.in/textbook/pdf/cemm105.pdf	7099849	a004efac4fc26edf30854f610a93cf3f8f2c9db0ef0b49785945456662cb6d73	Maths Mela	cemm1	chapter	5	data/raw_pdf/class3/cemm105.pdf
3	cemm106.pdf	https://ncert.nic.in/textbook/pdf/cemm106.pdf	8714855	b2a63a9f5b7b704ccf7e8898a3343fd2bb10b92e26c5f4a02f8d271c60dd57dd	Maths Mela	cemm1	chapter	6	data/raw_pdf/class3/cemm106.pdf
3	cemm107.pdf	https://ncert.nic.in/textbook/pdf/cemm107.pdf	7369427	2dbfef60f731ab5184fe00c5167ebfe379a26c31c7377e5e29ab027853198c5b	Maths Mela	cemm1	chapter	7	data/raw_pdf/class3/cemm107.pdf
3	cemm108.pdf	https://ncert.nic.in/textbook/pdf/cemm108.pdf	6159112	1d292fbeaea2dbcef03edcda7f1aff88922a60b334b99a80152b4fe2f22002c9	Maths Mela	cemm1	chapter	8	data/raw_pdf/class3/cemm108.pdf
3	cemm109.pdf	https://ncert.nic.in/textbook/pdf/cemm109.pdf	5279895	11995377670386e115d2e9134da8ef223e4747e91b43251097e0fa2aab7d2d45	Maths Mela	cemm1	chapter	9	data/raw_pdf/class3/cemm109.pdf
3	cemm110.pdf	https://ncert.nic.in/textbook/pdf/cemm110.pdf	4472104	796a5f4b8e432c1e9460aaf1ce77aca853b0aacc7b278f4f3c98f41af653ad3e	Maths Mela	cemm1	chapter	10	data/raw_pdf/class3/cemm110.pdf
3	cemm111.pdf	https://ncert.nic.in/textbook/pdf/cemm111.pdf	4162065	098adfa8a5b2687824b06115fb8b639dfa3f7dd19934d69ea1f5bcb9ed56836a	Maths Mela	cemm1	chapter	11	data/raw_pdf/class3/cemm111.pdf
3	cemm112.pdf	https://ncert.nic.in/textbook/pdf/cemm112.pdf	6648952	ab468f8a5242626c61dea706c7fabc1e7bc05004716c211e671213ae28eefb44	Maths Mela	cemm1	chapter	12	data/raw_pdf/class3/cemm112.pdf
3	cemm113.pdf	https://ncert.nic.in/textbook/pdf/cemm113.pdf	4585128	57c09d321f5f8a8d668d24b1556b6cf07ed26650dcede0003ae4915e8a2bbfd6	Maths Mela	cemm1	chapter	13	data/raw_pdf/class3/cemm113.pdf
3	cemm114.pdf	https://ncert.nic.in/textbook/pdf/cemm114.pdf	9052975	06184b26b1f137e81423051423298fa56290b4ba7539a29bf0d1199a50ae21f1	Maths Mela	cemm1	chapter	14	data/raw_pdf/class3/cemm114.pdf
4	demm1ps.pdf	https://ncert.nic.in/textbook/pdf/demm1ps.pdf	2913002	ea174ec4e11d982fe2e0ff17283afb793cbb2d86b80163a2a0ce12f314ebd79a	Maths Mela	demm1	prelims	0	data/raw_pdf/class4/demm1ps.pdf
4	demm101.pdf	https://ncert.nic.in/textbook/pdf/demm101.pdf	6307610	995681c844bbca58feba5da6623d7b11595ee8d93e73cf09a808054e13162fa9	Maths Mela	demm1	chapter	1	data/raw_pdf/class4/demm101.pdf
4	demm102.pdf	https://ncert.nic.in/textbook/pdf/demm102.pdf	3891523	2e229dba22aa43c18a27537ad5a3037b49613b64715b6cf06037de45ddf677f3	Maths Mela	demm1	chapter	2	data/raw_pdf/class4/demm102.pdf
4	demm103.pdf	https://ncert.nic.in/textbook/pdf/demm103.pdf	1473015	6220398c87a88455ae821908bc744d73307153432aef59197166f12505090c2e	Maths Mela	demm1	chapter	3	data/raw_pdf/class4/demm103.pdf
4	demm104.pdf	https://ncert.nic.in/textbook/pdf/demm104.pdf	4210420	773f900e825e470c8a94c3f29c57131ca98fd581d1f9d17e4215f0f952a2cba9	Maths Mela	demm1	chapter	4	data/raw_pdf/class4/demm104.pdf
4	demm105.pdf	https://ncert.nic.in/textbook/pdf/demm105.pdf	2835444	fa03f2e318eefc2621b38f9966c965017355ac85346206423e21148c772a0c79	Maths Mela	demm1	chapter	5	data/raw_pdf/class4/demm105.pdf
4	demm106.pdf	https://ncert.nic.in/textbook/pdf/demm106.pdf	3207736	23c6f9bdce8c45c84f8fc86c8a9027ef249e80a48718db2c1ac2d5b5b6c1bd43	Maths Mela	demm1	chapter	6	data/raw_pdf/class4/demm106.pdf
4	demm107.pdf	https://ncert.nic.in/textbook/pdf/demm107.pdf	3432639	7d9f1979241520f9ac09685a10c635da424b9a9f3a22eef80862d7f769fc1ad7	Maths Mela	demm1	chapter	7	data/raw_pdf/class4/demm107.pdf
4	demm108.pdf	https://ncert.nic.in/textbook/pdf/demm108.pdf	3690347	f28a6d197249a1e190b38f52d2cb784caa383535f6aca34fe1dff01e516037ea	Maths Mela	demm1	chapter	8	data/raw_pdf/class4/demm108.pdf
4	demm109.pdf	https://ncert.nic.in/textbook/pdf/demm109.pdf	2849050	3ab156a774e1838be3606e6b7957f72f0dd9d4224b21604f235c26c40b8f6bc5	Maths Mela	demm1	chapter	9	data/raw_pdf/class4/demm109.pdf
4	demm110.pdf	https://ncert.nic.in/textbook/pdf/demm110.pdf	2765691	74233f57da2ecdecf5b3d32811d57ccc60c0efe91941caf7d7fbf9609b9dce83	Maths Mela	demm1	chapter	10	data/raw_pdf/class4/demm110.pdf
4	demm111.pdf	https://ncert.nic.in/textbook/pdf/demm111.pdf	2197893	ea96b4e42fff6192a82a216b8482eae109adb676b6d33ae34c443581c0971be4	Maths Mela	demm1	chapter	11	data/raw_pdf/class4/demm111.pdf
4	demm112.pdf	https://ncert.nic.in/textbook/pdf/demm112.pdf	1507022	a793dba412bfcf3dddd71c7b8f5f7b7472e9acdc5e92015dd536f7f4890dfd9c	Maths Mela	demm1	chapter	12	data/raw_pdf/class4/demm112.pdf
4	demm113.pdf	https://ncert.nic.in/textbook/pdf/demm113.pdf	2290600	7070608fbf6db844822fca1ff73c10a2f614c8d180b5421154f66165318d893c	Maths Mela	demm1	chapter	13	data/raw_pdf/class4/demm113.pdf
4	demm114.pdf	https://ncert.nic.in/textbook/pdf/demm114.pdf	2380415	5ba6a1829c4da2d351f2a10f093f519a311f966e7f498cc64fa12d2cb70417b5	Maths Mela	demm1	chapter	14	data/raw_pdf/class4/demm114.pdf
5	eemm1ps.pdf	https://ncert.nic.in/textbook/pdf/eemm1ps.pdf	2347315	c6d079f9c13d249b8252e76141a19eaa824c2e9011d77b14af54ed0a8a8c0845	Maths Mela	eemm1	prelims	0	data/raw_pdf/class5/eemm1ps.pdf
5	eemm101.pdf	https://ncert.nic.in/textbook/pdf/eemm101.pdf	1967931	71a246543ba0107b101d1864398c15159ba61f0604c008c59134df3b14eaf1e9	Maths Mela	eemm1	chapter	1	data/raw_pdf/class5/eemm101.pdf
5	eemm102.pdf	https://ncert.nic.in/textbook/pdf/eemm102.pdf	1744656	427b49545a9221e241cbf86a8b77dc8d8e546cda4ce06a19509ff27eb8afd8ee	Maths Mela	eemm1	chapter	2	data/raw_pdf/class5/eemm102.pdf
5	eemm103.pdf	https://ncert.nic.in/textbook/pdf/eemm103.pdf	2437324	c5c9cb94c03873bea2244becb451be84f6d5da383ed4d0590c7bcd7ba75870c8	Maths Mela	eemm1	chapter	3	data/raw_pdf/class5/eemm103.pdf
5	eemm104.pdf	https://ncert.nic.in/textbook/pdf/eemm104.pdf	1761160	5fcc0365f8a0089c6cb18106f2283adb66eb4bd6bc09382fd5e2e1426aa66b65	Maths Mela	eemm1	chapter	4	data/raw_pdf/class5/eemm104.pdf
5	eemm105.pdf	https://ncert.nic.in/textbook/pdf/eemm105.pdf	1681510	a6ea6b5c54cb7d0872f31ad779ac0b42bd4383c9f834f9c4347eba2174bc0762	Maths Mela	eemm1	chapter	5	data/raw_pdf/class5/eemm105.pdf
5	eemm106.pdf	https://ncert.nic.in/textbook/pdf/eemm106.pdf	2223791	e106704d30f703b2ede972ece84db5745af55e374ecd4ef84e6bf5216f589daa	Maths Mela	eemm1	chapter	6	data/raw_pdf/class5/eemm106.pdf
5	eemm107.pdf	https://ncert.nic.in/textbook/pdf/eemm107.pdf	1677462	6c52aad011542a757afb0076388daddbb7d2eb59d7a43287fbc08a780edcfa60	Maths Mela	eemm1	chapter	7	data/raw_pdf/class5/eemm107.pdf
5	eemm108.pdf	https://ncert.nic.in/textbook/pdf/eemm108.pdf	2094850	5b33f25bf2e5dd4a8d816b563c6cf42ae3d04cd2c30d5d8272f402930577a940	Maths Mela	eemm1	chapter	8	data/raw_pdf/class5/eemm108.pdf
5	eemm109.pdf	https://ncert.nic.in/textbook/pdf/eemm109.pdf	1816610	616a7dc8f715aef6d9ad27f63122ad89cc6476080a92aec73095f56b101ac5e6	Maths Mela	eemm1	chapter	9	data/raw_pdf/class5/eemm109.pdf
5	eemm110.pdf	https://ncert.nic.in/textbook/pdf/eemm110.pdf	1238160	37231ac9ac0fdff8dd703ae81437f271b5e59f371c0b8ddc61883f361c096d62	Maths Mela	eemm1	chapter	10	data/raw_pdf/class5/eemm110.pdf
5	eemm111.pdf	https://ncert.nic.in/textbook/pdf/eemm111.pdf	1828193	c671dfef223f6e0c7d5731021456e731da53bbf7438dee5f20152e348d9af13b	Maths Mela	eemm1	chapter	11	data/raw_pdf/class5/eemm111.pdf
5	eemm112.pdf	https://ncert.nic.in/textbook/pdf/eemm112.pdf	1308713	45c9f0267597f6506874149df0ca779d34864d225ef11340bc0086e61f0c27ec	Maths Mela	eemm1	chapter	12	data/raw_pdf/class5/eemm112.pdf
5	eemm113.pdf	https://ncert.nic.in/textbook/pdf/eemm113.pdf	1109526	51a96d8c22bf51fd18fd4efd9358089e0de66ff9daba171f260404d3f29e6c14	Maths Mela	eemm1	chapter	13	data/raw_pdf/class5/eemm113.pdf
5	eemm114.pdf	https://ncert.nic.in/textbook/pdf/eemm114.pdf	6795431	aa39cae0640a444f70cb079eb7dea0fcff186dfe93e3c5a610dca473f583333d	Maths Mela	eemm1	chapter	14	data/raw_pdf/class5/eemm114.pdf
5	eemm115.pdf	https://ncert.nic.in/textbook/pdf/eemm115.pdf	3061117	0fd10e68667a87f7a32646c02ff09981f28b5ea8b02349e37b202e69064899fd	Maths Mela	eemm1	chapter	15	data/raw_pdf/class5/eemm115.pdf
6	fegp1ps.pdf	https://ncert.nic.in/textbook/pdf/fegp1ps.pdf	2983798	902147cff853df0023b4e13293711573562bf42abf91253e5045e877c76d51df	Ganita Prakash	fegp1	prelims	0	data/raw_pdf/class6/fegp1ps.pdf
6	fegp101.pdf	https://ncert.nic.in/textbook/pdf/fegp101.pdf	665543	9a2ff6ddbbd42bbd140a340c20ab27d4e7b8626148518acbb5adca7b93644347	Ganita Prakash	fegp1	chapter	1	data/raw_pdf/class6/fegp101.pdf
6	fegp102.pdf	https://ncert.nic.in/textbook/pdf/fegp102.pdf	3569854	057f2a0a5e74afd850f2b8e41315d58fa2b9409fbd587f7d9b92a7420f190db1	Ganita Prakash	fegp1	chapter	2	data/raw_pdf/class6/fegp102.pdf
6	fegp103.pdf	https://ncert.nic.in/textbook/pdf/fegp103.pdf	1732246	c33f3769dc238bf1593ae3bc16c8721d422fe4e57d79b18f085b1ed1669f9cdb	Ganita Prakash	fegp1	chapter	3	data/raw_pdf/class6/fegp103.pdf
6	fegp104.pdf	https://ncert.nic.in/textbook/pdf/fegp104.pdf	4925332	8f7d28bab6f2108de771ff4a16c03a383b0e23a2f5699f8cf41915bbf0a921f2	Ganita Prakash	fegp1	chapter	4	data/raw_pdf/class6/fegp104.pdf
6	fegp105.pdf	https://ncert.nic.in/textbook/pdf/fegp105.pdf	1114610	467aa97ca5a18533a7738ddd57020de3d322c63013018edd06714ac23436dabf	Ganita Prakash	fegp1	chapter	5	data/raw_pdf/class6/fegp105.pdf
6	fegp106.pdf	https://ncert.nic.in/textbook/pdf/fegp106.pdf	1047151	f03f2030420f0f1aa173348bd4fbb3b133a4b8de93cb56db9f5085d5c03a4d53	Ganita Prakash	fegp1	chapter	6	data/raw_pdf/class6/fegp106.pdf
6	fegp107.pdf	https://ncert.nic.in/textbook/pdf/fegp107.pdf	1642774	c142b8d472ced617817fb9986e73e44656a9d8c0693e80228f7e0a21d8817e12	Ganita Prakash	fegp1	chapter	7	data/raw_pdf/class6/fegp107.pdf
6	fegp108.pdf	https://ncert.nic.in/textbook/pdf/fegp108.pdf	1640009	7c777e26cad8154b5bb55308c36cc47173084ad1ec1ad3c2f5a7cf863e132e53	Ganita Prakash	fegp1	chapter	8	data/raw_pdf/class6/fegp108.pdf
6	fegp109.pdf	https://ncert.nic.in/textbook/pdf/fegp109.pdf	4421915	2a675ebe6523c343d88ae43ba173a8dabac2881e3caabeffa8d0379435f02f04	Ganita Prakash	fegp1	chapter	9	data/raw_pdf/class6/fegp109.pdf
6	fegp110.pdf	https://ncert.nic.in/textbook/pdf/fegp110.pdf	1986132	2c286fb7a738c1f17824a338248b40ccaaf0733f6f37b356c6349e27e317f2ec	Ganita Prakash	fegp1	chapter	10	data/raw_pdf/class6/fegp110.pdf
